{"cameraMode":{"drawMode":0,"name":"Shaded","section":"Shading Mode"},"sceneLighting":false,"audioPlay":false,"sceneViewState":{"showFog":true,"showMaterialUpdate":false,"showSkybox":true,"showFlares":true,"showImageEffects":true,"showParticleSystems":true},"in2DMode":false,"pivot":{"x":-19.915822982788087,"y":13.278876304626465,"z":-21.005704879760743},"rotation":{"x":-0.04510005563497543,"y":0.8566497564315796,"z":-0.508275032043457,"w":-0.0760120302438736},"size":4.744399070739746,"orthographic":true}